{
    "epoch": 200,
    "train_loss": 1.0042909648683336,
    "val_loss": 1.0901460647583008,
    "test_acc": 0.32761892676353455,
    "train_losses": [
        1.479774534702301,
        1.1594682998127408,
        1.1305294103092618,
        1.1180901130040486,
        1.1102936466534932,
        1.104004893038008,
        1.0991553796662226,
        1.0962325599458482,
        1.0927421119478014,
        1.0907523565822177,
        1.088297771082984,
        1.086693565050761,
        1.085287868976593,
        1.0834518406126235,
        1.082211931546529,
        1.0815733936097887,
        1.080166717370351,
        1.0795458687676325,
        1.0784556137190924,
        1.0780643026034038,
        1.0768110752105713,
        1.0761685702535841,
        1.0754837526215448,
        1.0749972926245794,
        1.0743045939339533,
        1.0733945568402607,
        1.0731289784113567,
        1.0726532604959276,
        1.072022623485989,
        1.0714267161157396,
        1.070935116873847,
        1.0707642899619207,
        1.0703113343980577,
        1.0699944694836934,
        1.0697396331363254,
        1.0688398149278429,
        1.0684926973448858,
        1.0679693288273282,
        1.0675981640815735,
        1.0676384038395352,
        1.0668748484717474,
        1.066523359881507,
        1.0661216974258423,
        1.0657926400502522,
        1.0662115812301636,
        1.0651057892375522,
        1.0646405352486505,
        1.064138286643558,
        1.063879993226793,
        1.0639401144451566,
        1.063896483845181,
        1.0630145337846544,
        1.0627629955609639,
        1.062641441822052,
        1.0626342760192022,
        1.0622929135958354,
        1.0618003408114116,
        1.0611470739046733,
        1.0606669121318393,
        1.0602890385521784,
        1.060109343793657,
        1.0600277913941278,
        1.0596143537097507,
        1.059238612651825,
        1.058897978729672,
        1.0589631266064115,
        1.0587308406829834,
        1.0579771200815837,
        1.0578503211339314,
        1.0574078626102872,
        1.0570718844731648,
        1.0569222503238254,
        1.0570111142264471,
        1.056429041756524,
        1.055941813521915,
        1.055545535352495,
        1.0553824106852214,
        1.0553788012928433,
        1.054997854762607,
        1.0546940896246169,
        1.0543553166919284,
        1.0540984008047316,
        1.053660101360745,
        1.0536091592576768,
        1.0532676246431139,
        1.0529248714447021,
        1.0528656442960103,
        1.052353196673923,
        1.0520591537157695,
        1.0517345534430609,
        1.0511410964859857,
        1.0510583056343927,
        1.0507836871676974,
        1.050264596939087,
        1.0496904452641804,
        1.0492974983321295,
        1.0489725073178608,
        1.048901809586419,
        1.0485034651226468,
        1.0483075049188402,
        1.0476989216274686,
        1.0473498238457575,
        1.047093351682027,
        1.0471923285060458,
        1.0467088222503662,
        1.0458768208821614,
        1.045621719625261,
        1.0451476573944092,
        1.0448383159107633,
        1.0446118778652616,
        1.0440449052386813,
        1.0435254044002957,
        1.0431356032689412,
        1.0427093704541524,
        1.0421010388268366,
        1.041714072227478,
        1.0416316853629217,
        1.041598637898763,
        1.0412648585107591,
        1.040473136636946,
        1.0400362147225275,
        1.0395443505711026,
        1.0389655497339036,
        1.0386270880699158,
        1.037896580166287,
        1.0376846724086337,
        1.0373228788375854,
        1.0367249780231051,
        1.0361938145425584,
        1.0358982616000705,
        1.035422556930118,
        1.0348703861236572,
        1.0341075327661302,
        1.0338292850388422,
        1.0333642694685194,
        1.0331117378340826,
        1.0329345530933804,
        1.032007442580329,
        1.0315167175398932,
        1.0309765405125089,
        1.0306515362527635,
        1.0299690829383001,
        1.029529955652025,
        1.0288762715127733,
        1.0281969242625766,
        1.0281325578689575,
        1.0274923708703783,
        1.0267797576056585,
        1.0264691842926874,
        1.0262406004799738,
        1.0254323482513428,
        1.0248126917415195,
        1.024281084537506,
        1.0237581663661532,
        1.0234433611234028,
        1.0230915745099385,
        1.0230130354563396,
        1.021971152888404,
        1.021694627073076,
        1.0212319890658061,
        1.0211492114596896,
        1.0201825234625075,
        1.0197454624705844,
        1.019498023721907,
        1.0190664397345648,
        1.0186201532681782,
        1.0183567272292242,
        1.0177681578530207,
        1.0177599721484714,
        1.0170538160536025,
        1.0161064995659723,
        1.0158974064721003,
        1.0154271854294672,
        1.0147934291097853,
        1.0142387681537204,
        1.014181739754147,
        1.0136698616875544,
        1.0133918457561069,
        1.0123944481213887,
        1.0119848118888006,
        1.0120302902327643,
        1.0119812885920207,
        1.0115000936720107,
        1.0107926262749567,
        1.0102218521965876,
        1.010037706957923,
        1.0097731351852417,
        1.009366962644789,
        1.0088733964496188,
        1.0084194540977478,
        1.008130239115821,
        1.0076182219717238,
        1.006844441095988,
        1.0065364042917888,
        1.0063589778211381,
        1.0054966145091586,
        1.0056686335139804,
        1.0048336850272284,
        1.0044511655966442,
        1.0042909648683336
    ],